<?xml version="1.0" encoding="UTF-8"?>
<!DOCTYPE mapper PUBLIC "-//mybatis.org//DTD Mapper 3.0//EN" 
    "http://mybatis.org/dtd/mybatis-3-mapper.dtd">
<mapper namespace="com.jiwoo.payphone.model.dao.AccountDao">

    <!-- 계좌 생성 -->
    <insert id="insertAccount">
        INSERT INTO accounts (account_number, user_id, balance)
        VALUES (#{accountNumber}, #{userId}, #{balance});
    </insert>

    <!-- 계좌 조회 -->
    <select id="selectAccountById" parameterType="java.lang.Long" resultType="com.jiwoo.payphone.model.dto.Account">
        SELECT account_id, account_number, user_id, balance, created_at 
        FROM accounts 
        WHERE account_id = #{accountId};
    </select>
    
    <!-- 계좌번호 생성 시 중복 확인 -->
    <select id="isAccountNumberExists" resultType="int">
	    SELECT COUNT(1) 
	    FROM accounts 
	    WHERE account_number = #{accountNumber}
	 </select>
	 
	 <!-- UserId로 계좌 목록 조회 -->
	<select id="findAccountsByUserId" parameterType="java.lang.Long" resultType="map">
		SELECT account_id AS accountId, account_number AS accountNumber, balance
        FROM accounts
        WHERE user_id = #{userId}
	
	</select>
	
</mapper>